{
"lengthUnit": "mil",
"remark": [],
"components": {
	"fields": ["COMPONENT_NO", "COMPONENT_NAME", "LAYER", "X_COORDINATE", "Y_COORDINATE", "ANGLE"],
	"rows": [
		[1, "Alarm", "T", 755, 2615, 180],
		[2, "ESP1", "T", -8465, 5615, 270],
		[3, "I2C_Exp", "T", 2875, 2260, 270],
		[4, "I2C,MCP9808", "T", 2425, 2260, 270],
		[5, "P2", "T", 1945, 245, 90],
		[6, "P3", "T", 195, 1290, 0],
		[7, "P4", "T", 615, 255, 90],
		[8, "POWER", "T", 560, 1195, 180],
		[9, "Q1", "T", 2805, 705, 180],
		[10, "R1", "T", 405, 1640, 0],
		[11, "R2", "T", 2275, 545, 0],
		[12, "R3", "T", 2275, 755, 0],
		[13, "SPI_SH1106_OLED", "T", 2650, 2925, 0],
		[14, "U3", "T", 740, 860, 0],
		[15, "PAD1", "T", 605.395, 2615, 0],
		[16, "PAD1", "B", 605.395, 2615, 0],
		[17, "PAD2", "T", 904.605, 2615, 0],
		[18, "PAD2", "B", 904.605, 2615, 0],
		[19, "PAD3", "T", 498.805, 3134.4135, 0],
		[20, "PAD3", "B", 498.805, 3134.4135, 0],
		[21, "PAD4", "T", 598.805, 3134.4135, 0],
		[22, "PAD4", "B", 598.805, 3134.4135, 0],
		[23, "PAD5", "T", 1098.805, 3134.4135, 0],
		[24, "PAD5", "B", 1098.805, 3134.4135, 0],
		[25, "PAD6", "T", 1198.805, 3134.4135, 0],
		[26, "PAD6", "B", 1198.805, 3134.4135, 0],
		[27, "PAD7", "T", 1898.805, 2159.2135, 0],
		[28, "PAD7", "B", 1898.805, 2159.2135, 0],
		[29, "PAD8", "T", 1798.805, 2159.2135, 0],
		[30, "PAD8", "B", 1798.805, 2159.2135, 0],
		[31, "PAD9", "T", 1498.805, 2159.2135, 0],
		[32, "PAD9", "B", 1498.805, 2159.2135, 0],
		[33, "PAD10", "T", 1298.805, 2159.2135, 0],
		[34, "PAD10", "B", 1298.805, 2159.2135, 0],
		[35, "PAD11", "T", 1198.805, 2159.2135, 0],
		[36, "PAD11", "B", 1198.805, 2159.2135, 0],
		[37, "PAD12", "T", 1098.805, 2159.2135, 0],
		[38, "PAD12", "B", 1098.805, 2159.2135, 0],
		[39, "PAD13", "T", 998.805, 2159.2135, 0],
		[40, "PAD13", "B", 998.805, 2159.2135, 0],
		[41, "PAD14", "T", 598.805, 2159.2135, 0],
		[42, "PAD14", "B", 598.805, 2159.2135, 0],
		[43, "PAD15", "T", 498.805, 2159.2135, 0],
		[44, "PAD15", "B", 498.805, 2159.2135, 0],
		[45, "PAD16", "T", 2425, 2410, 0],
		[46, "PAD16", "B", 2425, 2410, 0],
		[47, "PAD17", "T", 2425, 2310, 0],
		[48, "PAD17", "B", 2425, 2310, 0],
		[49, "PAD18", "T", 2425, 2210, 0],
		[50, "PAD18", "B", 2425, 2210, 0],
		[51, "PAD19", "T", 2425, 2110, 0],
		[52, "PAD19", "B", 2425, 2110, 0],
		[53, "PAD20", "T", 1846.55, 245, 0],
		[54, "PAD20", "B", 1846.55, 245, 0],
		[55, "PAD21", "T", 2043.45, 245, 0],
		[56, "PAD21", "B", 2043.45, 245, 0],
		[57, "PAD22", "T", 2805.005, 704.805, 0],
		[58, "PAD22", "B", 2805.005, 704.805, 0],
		[59, "PAD23", "T", 2704.995, 705.195, 0],
		[60, "PAD23", "B", 2704.995, 705.195, 0],
		[61, "PAD24", "T", 2905.005, 704.805, 0],
		[62, "PAD24", "B", 2905.005, 704.805, 0],
		[63, "PAD25", "T", 198.31, 1640, 0],
		[64, "PAD25", "B", 198.31, 1640, 0],
		[65, "PAD26", "T", 611.69, 1640, 0],
		[66, "PAD26", "B", 611.69, 1640, 0],
		[67, "PAD27", "T", 2068.31, 545, 0],
		[68, "PAD27", "B", 2068.31, 545, 0],
		[69, "PAD28", "T", 2481.69, 545, 0],
		[70, "PAD28", "B", 2481.69, 545, 0],
		[71, "PAD29", "T", 2074.21, 755, 0],
		[72, "PAD29", "B", 2074.21, 755, 0],
		[73, "PAD30", "T", 2475.79, 755, 0],
		[74, "PAD30", "B", 2475.79, 755, 0],
		[75, "PAD31", "T", 2950, 2925, 0],
		[76, "PAD31", "B", 2950, 2925, 0],
		[77, "PAD32", "T", 2850, 2925, 0],
		[78, "PAD32", "B", 2850, 2925, 0],
		[79, "PAD33", "T", 2750, 2925, 0],
		[80, "PAD33", "B", 2750, 2925, 0],
		[81, "PAD34", "T", 2650, 2925, 0],
		[82, "PAD34", "B", 2650, 2925, 0],
		[83, "PAD35", "T", 2550, 2925, 0],
		[84, "PAD35", "B", 2550, 2925, 0],
		[85, "PAD36", "T", 2450, 2925, 0],
		[86, "PAD36", "B", 2450, 2925, 0],
		[87, "PAD37", "T", 2350, 2925, 0],
		[88, "PAD37", "B", 2350, 2925, 0],
		[89, "PAD38", "T", 905, 1020, 0],
		[90, "PAD38", "B", 905, 1020, 0],
		[91, "PAD39", "T", 2480, 1020, 0],
		[92, "PAD39", "B", 2480, 1020, 0],
		[93, "PAD40", "T", 905, 1710, 0],
		[94, "PAD40", "B", 905, 1710, 0],
		[95, "PAD41", "T", 2480, 1710, 0],
		[96, "PAD41", "B", 2480, 1710, 0],
		[97, "PAD42", "T", 195, 1388.45, 0],
		[98, "PAD42", "B", 195, 1388.45, 0],
		[99, "PAD43", "T", 195, 1191.55, 0],
		[100, "PAD43", "B", 195, 1191.55, 0],
		[101, "PAD44", "T", 516.55, 255, 0],
		[102, "PAD44", "B", 516.55, 255, 0],
		[103, "PAD45", "T", 713.45, 255, 0],
		[104, "PAD45", "B", 713.45, 255, 0],
		[105, "PAD46", "T", 610, 1195, 0],
		[106, "PAD46", "B", 610, 1195, 0],
		[107, "PAD47", "T", 510, 1195, 0],
		[108, "PAD47", "B", 510, 1195, 0],
		[109, "PAD48", "T", 2875, 2410, 0],
		[110, "PAD48", "B", 2875, 2410, 0],
		[111, "PAD49", "T", 2875, 2310, 0],
		[112, "PAD49", "B", 2875, 2310, 0],
		[113, "PAD50", "T", 2875, 2210, 0],
		[114, "PAD50", "B", 2875, 2210, 0],
		[115, "PAD51", "T", 2875, 2110, 0],
		[116, "PAD51", "B", 2875, 2110, 0],
		[117, "PAD52", "T", 2955, 3210, 0],
		[118, "PAD52", "B", 2955, 3210, 0],
		[119, "PAD53", "T", 198.935, 246.2538, 0],
		[120, "PAD53", "B", 198.935, 246.2538, 0],
		[121, "PAD54", "T", 150, 3185, 0],
		[122, "PAD54", "B", 150, 3185, 0]
	]
},
"pins": {
	"fields": ["PIN_NO", "PIN_NAME", "PIN_X", "PIN_Y", "LAYER", "PIN_TYPE", "NET_NAME", "NET_TYPE", "PAD_SHAPE", "PAD_SIZEX", "PAD_SIZEY", "HOLE_SIZE", "HOLE_LEN", "PAD_ANGLE"],
	"rows": [
		[1, "Alarm_1", 904.605, 2615, "T", "DIP", "BUZZER", "", "C", 70.866, 70.866, 39.37, 39.37, 180],
		[2, "Alarm_1", 904.605, 2615, "B", "DIP", "BUZZER", "", "C", 70.866, 70.866, 39.37, 39.37, 180],
		[3, "Alarm_2", 605.395, 2615, "T", "DIP", "GND", "GND", "C", 70.866, 70.866, 39.37, 39.37, 180],
		[4, "Alarm_2", 605.395, 2615, "B", "DIP", "GND", "GND", "C", 70.866, 70.866, 39.37, 39.37, 180],
		[5, "ESP1_3V3", 498.805, 2159.2135, "T", "DIP", "3.3V", "", "C", 78.74, 78.74, 39.36, 39.37, 0],
		[6, "ESP1_3V3", 498.805, 2159.2135, "B", "DIP", "3.3V", "", "C", 78.74, 78.74, 39.36, 39.37, 0],
		[7, "ESP1_D12", 798.805, 3134.4135, "T", "DIP", "NET_1", "", "C", 78.74, 78.74, 39.36, 39.37, 0],
		[8, "ESP1_D12", 798.805, 3134.4135, "B", "DIP", "NET_1", "", "C", 78.74, 78.74, 39.36, 39.37, 0],
		[9, "ESP1_D13", 698.805, 3134.4135, "T", "DIP", "NET_2", "", "C", 78.74, 78.74, 39.36, 39.37, 0],
		[10, "ESP1_D13", 698.805, 3134.4135, "B", "DIP", "NET_2", "", "C", 78.74, 78.74, 39.36, 39.37, 0],
		[11, "ESP1_D14", 898.805, 3134.4135, "T", "DIP", "NET_3", "", "C", 78.74, 78.74, 39.36, 39.37, 0],
		[12, "ESP1_D14", 898.805, 3134.4135, "B", "DIP", "NET_3", "", "C", 78.74, 78.74, 39.36, 39.37, 0],
		[13, "ESP1_D15", 698.805, 2159.2135, "T", "DIP", "NET_4", "", "C", 78.74, 78.74, 39.36, 39.37, 0],
		[14, "ESP1_D15", 698.805, 2159.2135, "B", "DIP", "NET_4", "", "C", 78.74, 78.74, 39.36, 39.37, 0],
		[15, "ESP1_D18", 1298.805, 2159.2135, "T", "DIP", "SCLK", "", "C", 78.74, 78.74, 39.36, 39.37, 0],
		[16, "ESP1_D18", 1298.805, 2159.2135, "B", "DIP", "SCLK", "", "C", 78.74, 78.74, 39.36, 39.37, 0],
		[17, "ESP1_D19", 1398.805, 2159.2135, "T", "DIP", "NET_5", "", "C", 78.74, 78.74, 39.36, 39.37, 0],
		[18, "ESP1_D19", 1398.805, 2159.2135, "B", "DIP", "NET_5", "", "C", 78.74, 78.74, 39.36, 39.37, 0],
		[19, "ESP1_D2", 798.805, 2159.2135, "T", "DIP", "NET_6", "", "C", 78.74, 78.74, 39.36, 39.37, 0],
		[20, "ESP1_D2", 798.805, 2159.2135, "B", "DIP", "NET_6", "", "C", 78.74, 78.74, 39.36, 39.37, 0],
		[21, "ESP1_D21", 1498.805, 2159.2135, "T", "DIP", "SDA", "", "C", 78.74, 78.74, 39.36, 39.37, 0],
		[22, "ESP1_D21", 1498.805, 2159.2135, "B", "DIP", "SDA", "", "C", 78.74, 78.74, 39.36, 39.37, 0],
		[23, "ESP1_D22", 1798.805, 2159.2135, "T", "DIP", "SCL", "", "C", 78.74, 78.74, 39.36, 39.37, 0],
		[24, "ESP1_D22", 1798.805, 2159.2135, "B", "DIP", "SCL", "", "C", 78.74, 78.74, 39.36, 39.37, 0],
		[25, "ESP1_D23", 1898.805, 2159.2135, "T", "DIP", "MOSI", "", "C", 78.74, 78.74, 39.36, 39.37, 0],
		[26, "ESP1_D23", 1898.805, 2159.2135, "B", "DIP", "MOSI", "", "C", 78.74, 78.74, 39.36, 39.37, 0],
		[27, "ESP1_D25", 1198.805, 3134.4135, "T", "DIP", "PWM", "", "C", 78.74, 78.74, 39.36, 39.37, 0],
		[28, "ESP1_D25", 1198.805, 3134.4135, "B", "DIP", "PWM", "", "C", 78.74, 78.74, 39.36, 39.37, 0],
		[29, "ESP1_D26", 1098.805, 3134.4135, "T", "DIP", "BUZZER", "", "C", 78.74, 78.74, 39.36, 39.37, 0],
		[30, "ESP1_D26", 1098.805, 3134.4135, "B", "DIP", "BUZZER", "", "C", 78.74, 78.74, 39.36, 39.37, 0],
		[31, "ESP1_D27", 998.805, 3134.4135, "T", "DIP", "NET_7", "", "C", 78.74, 78.74, 39.36, 39.37, 0],
		[32, "ESP1_D27", 998.805, 3134.4135, "B", "DIP", "NET_7", "", "C", 78.74, 78.74, 39.36, 39.37, 0],
		[33, "ESP1_D32", 1398.805, 3134.4135, "T", "DIP", "NET_8", "", "C", 78.74, 78.74, 39.36, 39.37, 0],
		[34, "ESP1_D32", 1398.805, 3134.4135, "B", "DIP", "NET_8", "", "C", 78.74, 78.74, 39.36, 39.37, 0],
		[35, "ESP1_D33", 1298.805, 3134.4135, "T", "DIP", "NET_9", "", "C", 78.74, 78.74, 39.36, 39.37, 0],
		[36, "ESP1_D33", 1298.805, 3134.4135, "B", "DIP", "NET_9", "", "C", 78.74, 78.74, 39.36, 39.37, 0],
		[37, "ESP1_D34", 1598.805, 3134.4135, "T", "DIP", "NET_10", "", "C", 78.74, 78.74, 39.36, 39.37, 0],
		[38, "ESP1_D34", 1598.805, 3134.4135, "B", "DIP", "NET_10", "", "C", 78.74, 78.74, 39.36, 39.37, 0],
		[39, "ESP1_D35", 1498.805, 3134.4135, "T", "DIP", "NET_11", "", "C", 78.74, 78.74, 39.36, 39.37, 0],
		[40, "ESP1_D35", 1498.805, 3134.4135, "B", "DIP", "NET_11", "", "C", 78.74, 78.74, 39.36, 39.37, 0],
		[41, "ESP1_D4", 898.805, 2159.2135, "T", "DIP", "NET_12", "", "C", 78.74, 78.74, 39.36, 39.37, 0],
		[42, "ESP1_D4", 898.805, 2159.2135, "B", "DIP", "NET_12", "", "C", 78.74, 78.74, 39.36, 39.37, 0],
		[43, "ESP1_D5", 1198.805, 2159.2135, "T", "DIP", "CS", "", "C", 78.74, 78.74, 39.36, 39.37, 0],
		[44, "ESP1_D5", 1198.805, 2159.2135, "B", "DIP", "CS", "", "C", 78.74, 78.74, 39.36, 39.37, 0],
		[45, "ESP1_EN", 1898.805, 3134.4135, "T", "DIP", "NET_13", "", "C", 78.74, 78.74, 39.36, 39.37, 0],
		[46, "ESP1_EN", 1898.805, 3134.4135, "B", "DIP", "NET_13", "", "C", 78.74, 78.74, 39.36, 39.37, 0],
		[47, "ESP1_GND", 598.805, 2159.2135, "T", "DIP", "GND", "GND", "C", 78.74, 78.74, 39.36, 39.37, 0],
		[48, "ESP1_GND", 598.805, 2159.2135, "B", "DIP", "GND", "GND", "C", 78.74, 78.74, 39.36, 39.37, 0],
		[49, "ESP1_GND2", 598.805, 3134.4135, "T", "DIP", "GND", "GND", "C", 78.74, 78.74, 39.36, 39.37, 0],
		[50, "ESP1_GND2", 598.805, 3134.4135, "B", "DIP", "GND", "GND", "C", 78.74, 78.74, 39.36, 39.37, 0],
		[51, "ESP1_RX0", 1598.805, 2159.2135, "T", "DIP", "NET_14", "", "C", 78.74, 78.74, 39.36, 39.37, 0],
		[52, "ESP1_RX0", 1598.805, 2159.2135, "B", "DIP", "NET_14", "", "C", 78.74, 78.74, 39.36, 39.37, 0],
		[53, "ESP1_RX2", 998.805, 2159.2135, "T", "DIP", "RS", "", "C", 78.74, 78.74, 39.36, 39.37, 0],
		[54, "ESP1_RX2", 998.805, 2159.2135, "B", "DIP", "RS", "", "C", 78.74, 78.74, 39.36, 39.37, 0],
		[55, "ESP1_TX0", 1698.805, 2159.2135, "T", "DIP", "NET_15", "", "C", 78.74, 78.74, 39.36, 39.37, 0],
		[56, "ESP1_TX0", 1698.805, 2159.2135, "B", "DIP", "NET_15", "", "C", 78.74, 78.74, 39.36, 39.37, 0],
		[57, "ESP1_TX2", 1098.805, 2159.2135, "T", "DIP", "DC", "", "C", 78.74, 78.74, 39.36, 39.37, 0],
		[58, "ESP1_TX2", 1098.805, 2159.2135, "B", "DIP", "DC", "", "C", 78.74, 78.74, 39.36, 39.37, 0],
		[59, "ESP1_VIN", 498.805, 3134.4135, "T", "DIP", "+5V", "", "C", 78.74, 78.74, 39.36, 39.37, 0],
		[60, "ESP1_VIN", 498.805, 3134.4135, "B", "DIP", "+5V", "", "C", 78.74, 78.74, 39.36, 39.37, 0],
		[61, "ESP1_VN", 1698.805, 3134.4135, "T", "DIP", "NET_16", "", "C", 78.74, 78.74, 39.36, 39.37, 0],
		[62, "ESP1_VN", 1698.805, 3134.4135, "B", "DIP", "NET_16", "", "C", 78.74, 78.74, 39.36, 39.37, 0],
		[63, "ESP1_VP", 1798.805, 3134.4135, "T", "DIP", "NET_17", "", "C", 78.74, 78.74, 39.36, 39.37, 0],
		[64, "ESP1_VP", 1798.805, 3134.4135, "B", "DIP", "NET_17", "", "C", 78.74, 78.74, 39.36, 39.37, 0],
		[65, "I2C_Exp_1", 2875, 2410, "T", "DIP", "3.3V", "", "R", 66.929, 66.929, 43.308, 43.308, 270],
		[66, "I2C_Exp_1", 2875, 2410, "B", "DIP", "3.3V", "", "R", 66.929, 66.929, 43.308, 43.308, 270],
		[67, "I2C_Exp_2", 2875, 2310, "T", "DIP", "SDA", "", "C", 66.929, 66.929, 43.308, 43.308, 270],
		[68, "I2C_Exp_2", 2875, 2310, "B", "DIP", "SDA", "", "C", 66.929, 66.929, 43.308, 43.308, 270],
		[69, "I2C_Exp_3", 2875, 2210, "T", "DIP", "SCL", "", "C", 66.929, 66.929, 43.308, 43.308, 270],
		[70, "I2C_Exp_3", 2875, 2210, "B", "DIP", "SCL", "", "C", 66.929, 66.929, 43.308, 43.308, 270],
		[71, "I2C_Exp_4", 2875, 2110, "T", "DIP", "GND", "GND", "C", 66.929, 66.929, 43.308, 43.308, 270],
		[72, "I2C_Exp_4", 2875, 2110, "B", "DIP", "GND", "GND", "C", 66.929, 66.929, 43.308, 43.308, 270],
		[73, "I2C,MCP9808_1", 2425, 2410, "T", "DIP", "3.3V", "", "R", 66.929, 66.929, 43.308, 43.308, 270],
		[74, "I2C,MCP9808_1", 2425, 2410, "B", "DIP", "3.3V", "", "R", 66.929, 66.929, 43.308, 43.308, 270],
		[75, "I2C,MCP9808_2", 2425, 2310, "T", "DIP", "SDA", "", "C", 66.929, 66.929, 43.308, 43.308, 270],
		[76, "I2C,MCP9808_2", 2425, 2310, "B", "DIP", "SDA", "", "C", 66.929, 66.929, 43.308, 43.308, 270],
		[77, "I2C,MCP9808_3", 2425, 2210, "T", "DIP", "SCL", "", "C", 66.929, 66.929, 43.308, 43.308, 270],
		[78, "I2C,MCP9808_3", 2425, 2210, "B", "DIP", "SCL", "", "C", 66.929, 66.929, 43.308, 43.308, 270],
		[79, "I2C,MCP9808_4", 2425, 2110, "T", "DIP", "GND", "GND", "C", 66.929, 66.929, 43.308, 43.308, 270],
		[80, "I2C,MCP9808_4", 2425, 2110, "B", "DIP", "GND", "GND", "C", 66.929, 66.929, 43.308, 43.308, 270],
		[81, "P2_1", 1846.55, 245, "T", "DIP", "VCC", "", "C", 78.74, 78.74, 51.182, 51.182, 90],
		[82, "P2_1", 1846.55, 245, "B", "DIP", "VCC", "", "C", 78.74, 78.74, 51.182, 51.182, 90],
		[83, "P2_2", 2043.45, 245, "T", "DIP", "$1N8547", "", "C", 78.74, 78.74, 51.182, 51.182, 90],
		[84, "P2_2", 2043.45, 245, "B", "DIP", "$1N8547", "", "C", 78.74, 78.74, 51.182, 51.182, 90],
		[85, "P3_1", 195, 1388.45, "T", "DIP", "VCC", "", "C", 78.74, 78.74, 51.182, 51.182, 0],
		[86, "P3_1", 195, 1388.45, "B", "DIP", "VCC", "", "C", 78.74, 78.74, 51.182, 51.182, 0],
		[87, "P3_2", 195, 1191.55, "T", "DIP", "GND", "GND", "C", 78.74, 78.74, 51.182, 51.182, 0],
		[88, "P3_2", 195, 1191.55, "B", "DIP", "GND", "GND", "C", 78.74, 78.74, 51.182, 51.182, 0],
		[89, "P4_1", 516.55, 255, "T", "DIP", "VCC", "", "C", 78.74, 78.74, 51.182, 51.182, 90],
		[90, "P4_1", 516.55, 255, "B", "DIP", "VCC", "", "C", 78.74, 78.74, 51.182, 51.182, 90],
		[91, "P4_2", 713.45, 255, "T", "DIP", "GND", "GND", "C", 78.74, 78.74, 51.182, 51.182, 90],
		[92, "P4_2", 713.45, 255, "B", "DIP", "GND", "GND", "C", 78.74, 78.74, 51.182, 51.182, 90],
		[93, "POWER_1", 610, 1195, "T", "DIP", "$1N712", "", "C", 60, 60, 36, 36, 180],
		[94, "POWER_1", 610, 1195, "B", "DIP", "$1N712", "", "C", 60, 60, 36, 36, 180],
		[95, "POWER_2", 510, 1195, "T", "DIP", "GND", "GND", "C", 60, 60, 36, 36, 180],
		[96, "POWER_2", 510, 1195, "B", "DIP", "GND", "GND", "C", 60, 60, 36, 36, 180],
		[97, "Q1_1", 2905.005, 704.805, "T", "DIP", "$1N3646", "", "R", 70.866, 102.362, 47.244, 47.244, 180],
		[98, "Q1_1", 2905.005, 704.805, "B", "DIP", "$1N3646", "", "R", 70.866, 102.362, 47.244, 47.244, 180],
		[99, "Q1_2", 2805.005, 704.805, "T", "DIP", "$1N8547", "", "O", 70.866, 102.362, 47.244, 47.244, 180],
		[100, "Q1_2", 2805.005, 704.805, "B", "DIP", "$1N8547", "", "O", 70.866, 102.362, 47.244, 47.244, 180],
		[101, "Q1_3", 2704.995, 705.195, "T", "DIP", "GND", "GND", "O", 70.866, 102.362, 47.244, 47.244, 180],
		[102, "Q1_3", 2704.995, 705.195, "B", "DIP", "GND", "GND", "O", 70.866, 102.362, 47.244, 47.244, 180],
		[103, "R1_1", 198.31, 1640, "T", "DIP", "VCC", "", "C", 55.118, 55.118, 27.56, 27.56, 0],
		[104, "R1_1", 198.31, 1640, "B", "DIP", "VCC", "", "C", 55.118, 55.118, 27.56, 27.56, 0],
		[105, "R1_2", 611.69, 1640, "T", "DIP", "$1N712", "", "C", 55.118, 55.118, 27.56, 27.56, 0],
		[106, "R1_2", 611.69, 1640, "B", "DIP", "$1N712", "", "C", 55.118, 55.118, 27.56, 27.56, 0],
		[107, "R2_1", 2068.31, 545, "T", "DIP", "PWM", "", "C", 55.118, 55.118, 27.56, 27.56, 0],
		[108, "R2_1", 2068.31, 545, "B", "DIP", "PWM", "", "C", 55.118, 55.118, 27.56, 27.56, 0],
		[109, "R2_2", 2481.69, 545, "T", "DIP", "$1N3646", "", "C", 55.118, 55.118, 27.56, 27.56, 0],
		[110, "R2_2", 2481.69, 545, "B", "DIP", "$1N3646", "", "C", 55.118, 55.118, 27.56, 27.56, 0],
		[111, "R3_1", 2074.21, 755, "T", "DIP", "$1N3646", "", "C", 55.118, 55.118, 31.496, 31.496, 0],
		[112, "R3_1", 2074.21, 755, "B", "DIP", "$1N3646", "", "C", 55.118, 55.118, 31.496, 31.496, 0],
		[113, "R3_2", 2475.79, 755, "T", "DIP", "GND", "GND", "C", 55.118, 55.118, 31.496, 31.496, 0],
		[114, "R3_2", 2475.79, 755, "B", "DIP", "GND", "GND", "C", 55.118, 55.118, 31.496, 31.496, 0],
		[115, "SPI_SH1106_OLED_1", 2350, 2925, "T", "DIP", "+5V", "", "R", 62, 66.929, 43.308, 43.308, 0],
		[116, "SPI_SH1106_OLED_1", 2350, 2925, "B", "DIP", "+5V", "", "R", 62, 66.929, 43.308, 43.308, 0],
		[117, "SPI_SH1106_OLED_2", 2450, 2925, "T", "DIP", "SCLK", "", "C", 66.929, 66.929, 43.308, 43.308, 0],
		[118, "SPI_SH1106_OLED_2", 2450, 2925, "B", "DIP", "SCLK", "", "C", 66.929, 66.929, 43.308, 43.308, 0],
		[119, "SPI_SH1106_OLED_3", 2550, 2925, "T", "DIP", "MOSI", "", "C", 66.929, 66.929, 43.308, 43.308, 0],
		[120, "SPI_SH1106_OLED_3", 2550, 2925, "B", "DIP", "MOSI", "", "C", 66.929, 66.929, 43.308, 43.308, 0],
		[121, "SPI_SH1106_OLED_4", 2650, 2925, "T", "DIP", "DC", "", "C", 66.929, 66.929, 43.308, 43.308, 0],
		[122, "SPI_SH1106_OLED_4", 2650, 2925, "B", "DIP", "DC", "", "C", 66.929, 66.929, 43.308, 43.308, 0],
		[123, "SPI_SH1106_OLED_5", 2750, 2925, "T", "DIP", "CS", "", "C", 66.929, 66.929, 43.308, 43.308, 0],
		[124, "SPI_SH1106_OLED_5", 2750, 2925, "B", "DIP", "CS", "", "C", 66.929, 66.929, 43.308, 43.308, 0],
		[125, "SPI_SH1106_OLED_6", 2850, 2925, "T", "DIP", "RS", "", "C", 66.929, 66.929, 43.308, 43.308, 0],
		[126, "SPI_SH1106_OLED_6", 2850, 2925, "B", "DIP", "RS", "", "C", 66.929, 66.929, 43.308, 43.308, 0],
		[127, "SPI_SH1106_OLED_7", 2950, 2925, "T", "DIP", "GND", "GND", "C", 66.929, 66.929, 43.308, 43.308, 0],
		[128, "SPI_SH1106_OLED_7", 2950, 2925, "B", "DIP", "GND", "GND", "C", 66.929, 66.929, 43.308, 43.308, 0],
		[129, "U3_1", 905, 1710, "T", "DIP", "VCC", "", "R", 118.1102, 118.1102, 43.3071, 43.3071, 0],
		[130, "U3_1", 905, 1710, "B", "DIP", "VCC", "", "R", 118.1102, 118.1102, 43.3071, 43.3071, 0],
		[131, "U3_2", 905, 1020, "T", "DIP", "GND", "GND", "R", 118.1102, 118.1102, 43.3071, 43.3071, 0],
		[132, "U3_2", 905, 1020, "B", "DIP", "GND", "GND", "R", 118.1102, 118.1102, 43.3071, 43.3071, 0],
		[133, "U3_3", 2480, 1710, "T", "DIP", "+5V", "", "R", 118.1102, 118.1102, 43.3071, 43.3071, 0],
		[134, "U3_3", 2480, 1710, "B", "DIP", "+5V", "", "R", 118.1102, 118.1102, 43.3071, 43.3071, 0],
		[135, "U3_4", 2480, 1020, "T", "DIP", "GND", "GND", "R", 118.1102, 118.1102, 43.3071, 43.3071, 0],
		[136, "U3_4", 2480, 1020, "B", "DIP", "GND", "GND", "R", 118.1102, 118.1102, 43.3071, 43.3071, 0],
		[137, "PAD1_2", 605.395, 2615, "T", "DIP", "GND", "GND", "C", 70.866, 70.866, 39.37, 39.37, 180],
		[138, "PAD1_2", 605.395, 2615, "B", "DIP", "GND", "GND", "C", 70.866, 70.866, 39.37, 39.37, 180],
		[139, "PAD2_1", 904.605, 2615, "T", "DIP", "BUZZER", "", "C", 70.866, 70.866, 39.37, 39.37, 180],
		[140, "PAD2_1", 904.605, 2615, "B", "DIP", "BUZZER", "", "C", 70.866, 70.866, 39.37, 39.37, 180],
		[141, "PAD3_VIN", 498.805, 3134.4135, "T", "DIP", "+5V", "", "C", 78.74, 78.74, 39.36, 39.37, 0],
		[142, "PAD3_VIN", 498.805, 3134.4135, "B", "DIP", "+5V", "", "C", 78.74, 78.74, 39.36, 39.37, 0],
		[143, "PAD4_GND2", 598.805, 3134.4135, "T", "DIP", "GND", "GND", "C", 78.74, 78.74, 39.36, 39.37, 0],
		[144, "PAD4_GND2", 598.805, 3134.4135, "B", "DIP", "GND", "GND", "C", 78.74, 78.74, 39.36, 39.37, 0],
		[145, "PAD5_D26", 1098.805, 3134.4135, "T", "DIP", "BUZZER", "", "C", 78.74, 78.74, 39.36, 39.37, 0],
		[146, "PAD5_D26", 1098.805, 3134.4135, "B", "DIP", "BUZZER", "", "C", 78.74, 78.74, 39.36, 39.37, 0],
		[147, "PAD6_D25", 1198.805, 3134.4135, "T", "DIP", "PWM", "", "C", 78.74, 78.74, 39.36, 39.37, 0],
		[148, "PAD6_D25", 1198.805, 3134.4135, "B", "DIP", "PWM", "", "C", 78.74, 78.74, 39.36, 39.37, 0],
		[149, "PAD7_D23", 1898.805, 2159.2135, "T", "DIP", "MOSI", "", "C", 78.74, 78.74, 39.36, 39.37, 0],
		[150, "PAD7_D23", 1898.805, 2159.2135, "B", "DIP", "MOSI", "", "C", 78.74, 78.74, 39.36, 39.37, 0],
		[151, "PAD8_D22", 1798.805, 2159.2135, "T", "DIP", "SCL", "", "C", 78.74, 78.74, 39.36, 39.37, 0],
		[152, "PAD8_D22", 1798.805, 2159.2135, "B", "DIP", "SCL", "", "C", 78.74, 78.74, 39.36, 39.37, 0],
		[153, "PAD9_D21", 1498.805, 2159.2135, "T", "DIP", "SDA", "", "C", 78.74, 78.74, 39.36, 39.37, 0],
		[154, "PAD9_D21", 1498.805, 2159.2135, "B", "DIP", "SDA", "", "C", 78.74, 78.74, 39.36, 39.37, 0],
		[155, "PAD10_D18", 1298.805, 2159.2135, "T", "DIP", "SCLK", "", "C", 78.74, 78.74, 39.36, 39.37, 0],
		[156, "PAD10_D18", 1298.805, 2159.2135, "B", "DIP", "SCLK", "", "C", 78.74, 78.74, 39.36, 39.37, 0],
		[157, "PAD11_D5", 1198.805, 2159.2135, "T", "DIP", "CS", "", "C", 78.74, 78.74, 39.36, 39.37, 0],
		[158, "PAD11_D5", 1198.805, 2159.2135, "B", "DIP", "CS", "", "C", 78.74, 78.74, 39.36, 39.37, 0],
		[159, "PAD12_TX2", 1098.805, 2159.2135, "T", "DIP", "DC", "", "C", 78.74, 78.74, 39.36, 39.37, 0],
		[160, "PAD12_TX2", 1098.805, 2159.2135, "B", "DIP", "DC", "", "C", 78.74, 78.74, 39.36, 39.37, 0],
		[161, "PAD13_RX2", 998.805, 2159.2135, "T", "DIP", "RS", "", "C", 78.74, 78.74, 39.36, 39.37, 0],
		[162, "PAD13_RX2", 998.805, 2159.2135, "B", "DIP", "RS", "", "C", 78.74, 78.74, 39.36, 39.37, 0],
		[163, "PAD14_GND", 598.805, 2159.2135, "T", "DIP", "GND", "GND", "C", 78.74, 78.74, 39.36, 39.37, 0],
		[164, "PAD14_GND", 598.805, 2159.2135, "B", "DIP", "GND", "GND", "C", 78.74, 78.74, 39.36, 39.37, 0],
		[165, "PAD15_3V3", 498.805, 2159.2135, "T", "DIP", "3.3V", "", "C", 78.74, 78.74, 39.36, 39.37, 0],
		[166, "PAD15_3V3", 498.805, 2159.2135, "B", "DIP", "3.3V", "", "C", 78.74, 78.74, 39.36, 39.37, 0],
		[167, "PAD16_1", 2425, 2410, "T", "DIP", "3.3V", "", "R", 66.929, 66.929, 43.308, 43.308, 270],
		[168, "PAD16_1", 2425, 2410, "B", "DIP", "3.3V", "", "R", 66.929, 66.929, 43.308, 43.308, 270],
		[169, "PAD17_2", 2425, 2310, "T", "DIP", "SDA", "", "C", 66.929, 66.929, 43.308, 43.308, 270],
		[170, "PAD17_2", 2425, 2310, "B", "DIP", "SDA", "", "C", 66.929, 66.929, 43.308, 43.308, 270],
		[171, "PAD18_3", 2425, 2210, "T", "DIP", "SCL", "", "C", 66.929, 66.929, 43.308, 43.308, 270],
		[172, "PAD18_3", 2425, 2210, "B", "DIP", "SCL", "", "C", 66.929, 66.929, 43.308, 43.308, 270],
		[173, "PAD19_4", 2425, 2110, "T", "DIP", "GND", "GND", "C", 66.929, 66.929, 43.308, 43.308, 270],
		[174, "PAD19_4", 2425, 2110, "B", "DIP", "GND", "GND", "C", 66.929, 66.929, 43.308, 43.308, 270],
		[175, "PAD20_1", 1846.55, 245, "T", "DIP", "VCC", "", "C", 78.74, 78.74, 51.182, 51.182, 90],
		[176, "PAD20_1", 1846.55, 245, "B", "DIP", "VCC", "", "C", 78.74, 78.74, 51.182, 51.182, 90],
		[177, "PAD21_2", 2043.45, 245, "T", "DIP", "$1N8547", "", "C", 78.74, 78.74, 51.182, 51.182, 90],
		[178, "PAD21_2", 2043.45, 245, "B", "DIP", "$1N8547", "", "C", 78.74, 78.74, 51.182, 51.182, 90],
		[179, "PAD22_2", 2805.005, 704.805, "T", "DIP", "$1N8547", "", "O", 70.866, 102.362, 47.244, 47.244, 180],
		[180, "PAD22_2", 2805.005, 704.805, "B", "DIP", "$1N8547", "", "O", 70.866, 102.362, 47.244, 47.244, 180],
		[181, "PAD23_3", 2704.995, 705.195, "T", "DIP", "GND", "GND", "O", 70.866, 102.362, 47.244, 47.244, 180],
		[182, "PAD23_3", 2704.995, 705.195, "B", "DIP", "GND", "GND", "O", 70.866, 102.362, 47.244, 47.244, 180],
		[183, "PAD24_1", 2905.005, 704.805, "T", "DIP", "$1N3646", "", "R", 70.866, 102.362, 47.244, 47.244, 180],
		[184, "PAD24_1", 2905.005, 704.805, "B", "DIP", "$1N3646", "", "R", 70.866, 102.362, 47.244, 47.244, 180],
		[185, "PAD25_1", 198.31, 1640, "T", "DIP", "VCC", "", "C", 55.118, 55.118, 27.56, 27.56, 0],
		[186, "PAD25_1", 198.31, 1640, "B", "DIP", "VCC", "", "C", 55.118, 55.118, 27.56, 27.56, 0],
		[187, "PAD26_2", 611.69, 1640, "T", "DIP", "$1N712", "", "C", 55.118, 55.118, 27.56, 27.56, 0],
		[188, "PAD26_2", 611.69, 1640, "B", "DIP", "$1N712", "", "C", 55.118, 55.118, 27.56, 27.56, 0],
		[189, "PAD27_1", 2068.31, 545, "T", "DIP", "PWM", "", "C", 55.118, 55.118, 27.56, 27.56, 0],
		[190, "PAD27_1", 2068.31, 545, "B", "DIP", "PWM", "", "C", 55.118, 55.118, 27.56, 27.56, 0],
		[191, "PAD28_2", 2481.69, 545, "T", "DIP", "$1N3646", "", "C", 55.118, 55.118, 27.56, 27.56, 0],
		[192, "PAD28_2", 2481.69, 545, "B", "DIP", "$1N3646", "", "C", 55.118, 55.118, 27.56, 27.56, 0],
		[193, "PAD29_1", 2074.21, 755, "T", "DIP", "$1N3646", "", "C", 55.118, 55.118, 31.496, 31.496, 0],
		[194, "PAD29_1", 2074.21, 755, "B", "DIP", "$1N3646", "", "C", 55.118, 55.118, 31.496, 31.496, 0],
		[195, "PAD30_2", 2475.79, 755, "T", "DIP", "GND", "GND", "C", 55.118, 55.118, 31.496, 31.496, 0],
		[196, "PAD30_2", 2475.79, 755, "B", "DIP", "GND", "GND", "C", 55.118, 55.118, 31.496, 31.496, 0],
		[197, "PAD31_7", 2950, 2925, "T", "DIP", "GND", "GND", "C", 66.929, 66.929, 43.308, 43.308, 0],
		[198, "PAD31_7", 2950, 2925, "B", "DIP", "GND", "GND", "C", 66.929, 66.929, 43.308, 43.308, 0],
		[199, "PAD32_6", 2850, 2925, "T", "DIP", "RS", "", "C", 66.929, 66.929, 43.308, 43.308, 0],
		[200, "PAD32_6", 2850, 2925, "B", "DIP", "RS", "", "C", 66.929, 66.929, 43.308, 43.308, 0],
		[201, "PAD33_5", 2750, 2925, "T", "DIP", "CS", "", "C", 66.929, 66.929, 43.308, 43.308, 0],
		[202, "PAD33_5", 2750, 2925, "B", "DIP", "CS", "", "C", 66.929, 66.929, 43.308, 43.308, 0],
		[203, "PAD34_4", 2650, 2925, "T", "DIP", "DC", "", "C", 66.929, 66.929, 43.308, 43.308, 0],
		[204, "PAD34_4", 2650, 2925, "B", "DIP", "DC", "", "C", 66.929, 66.929, 43.308, 43.308, 0],
		[205, "PAD35_3", 2550, 2925, "T", "DIP", "MOSI", "", "C", 66.929, 66.929, 43.308, 43.308, 0],
		[206, "PAD35_3", 2550, 2925, "B", "DIP", "MOSI", "", "C", 66.929, 66.929, 43.308, 43.308, 0],
		[207, "PAD36_2", 2450, 2925, "T", "DIP", "SCLK", "", "C", 66.929, 66.929, 43.308, 43.308, 0],
		[208, "PAD36_2", 2450, 2925, "B", "DIP", "SCLK", "", "C", 66.929, 66.929, 43.308, 43.308, 0],
		[209, "PAD37_1", 2350, 2925, "T", "DIP", "+5V", "", "R", 62, 66.929, 43.308, 43.308, 0],
		[210, "PAD37_1", 2350, 2925, "B", "DIP", "+5V", "", "R", 62, 66.929, 43.308, 43.308, 0],
		[211, "PAD38_2", 905, 1020, "T", "DIP", "GND", "GND", "R", 118.1102, 118.1102, 43.3071, 43.3071, 0],
		[212, "PAD38_2", 905, 1020, "B", "DIP", "GND", "GND", "R", 118.1102, 118.1102, 43.3071, 43.3071, 0],
		[213, "PAD39_4", 2480, 1020, "T", "DIP", "GND", "GND", "R", 118.1102, 118.1102, 43.3071, 43.3071, 0],
		[214, "PAD39_4", 2480, 1020, "B", "DIP", "GND", "GND", "R", 118.1102, 118.1102, 43.3071, 43.3071, 0],
		[215, "PAD40_1", 905, 1710, "T", "DIP", "VCC", "", "R", 118.1102, 118.1102, 43.3071, 43.3071, 0],
		[216, "PAD40_1", 905, 1710, "B", "DIP", "VCC", "", "R", 118.1102, 118.1102, 43.3071, 43.3071, 0],
		[217, "PAD41_3", 2480, 1710, "T", "DIP", "+5V", "", "R", 118.1102, 118.1102, 43.3071, 43.3071, 0],
		[218, "PAD41_3", 2480, 1710, "B", "DIP", "+5V", "", "R", 118.1102, 118.1102, 43.3071, 43.3071, 0],
		[219, "PAD42_1", 195, 1388.45, "T", "DIP", "VCC", "", "C", 78.74, 78.74, 51.182, 51.182, 0],
		[220, "PAD42_1", 195, 1388.45, "B", "DIP", "VCC", "", "C", 78.74, 78.74, 51.182, 51.182, 0],
		[221, "PAD43_2", 195, 1191.55, "T", "DIP", "GND", "GND", "C", 78.74, 78.74, 51.182, 51.182, 0],
		[222, "PAD43_2", 195, 1191.55, "B", "DIP", "GND", "GND", "C", 78.74, 78.74, 51.182, 51.182, 0],
		[223, "PAD44_1", 516.55, 255, "T", "DIP", "VCC", "", "C", 78.74, 78.74, 51.182, 51.182, 90],
		[224, "PAD44_1", 516.55, 255, "B", "DIP", "VCC", "", "C", 78.74, 78.74, 51.182, 51.182, 90],
		[225, "PAD45_2", 713.45, 255, "T", "DIP", "GND", "GND", "C", 78.74, 78.74, 51.182, 51.182, 90],
		[226, "PAD45_2", 713.45, 255, "B", "DIP", "GND", "GND", "C", 78.74, 78.74, 51.182, 51.182, 90],
		[227, "PAD46_1", 610, 1195, "T", "DIP", "$1N712", "", "C", 60, 60, 36, 36, 180],
		[228, "PAD46_1", 610, 1195, "B", "DIP", "$1N712", "", "C", 60, 60, 36, 36, 180],
		[229, "PAD47_2", 510, 1195, "T", "DIP", "GND", "GND", "C", 60, 60, 36, 36, 180],
		[230, "PAD47_2", 510, 1195, "B", "DIP", "GND", "GND", "C", 60, 60, 36, 36, 180],
		[231, "PAD48_1", 2875, 2410, "T", "DIP", "3.3V", "", "R", 66.929, 66.929, 43.308, 43.308, 270],
		[232, "PAD48_1", 2875, 2410, "B", "DIP", "3.3V", "", "R", 66.929, 66.929, 43.308, 43.308, 270],
		[233, "PAD49_2", 2875, 2310, "T", "DIP", "SDA", "", "C", 66.929, 66.929, 43.308, 43.308, 270],
		[234, "PAD49_2", 2875, 2310, "B", "DIP", "SDA", "", "C", 66.929, 66.929, 43.308, 43.308, 270],
		[235, "PAD50_3", 2875, 2210, "T", "DIP", "SCL", "", "C", 66.929, 66.929, 43.308, 43.308, 270],
		[236, "PAD50_3", 2875, 2210, "B", "DIP", "SCL", "", "C", 66.929, 66.929, 43.308, 43.308, 270],
		[237, "PAD51_4", 2875, 2110, "T", "DIP", "GND", "GND", "C", 66.929, 66.929, 43.308, 43.308, 270],
		[238, "PAD51_4", 2875, 2110, "B", "DIP", "GND", "GND", "C", 66.929, 66.929, 43.308, 43.308, 270],
		[239, "PAD52_1", 2955, 3210, "T", "DIP", "GND", "GND", "C", 160, 160, 106, 106, 0],
		[240, "PAD52_1", 2955, 3210, "B", "DIP", "GND", "GND", "C", 160, 160, 106, 106, 0],
		[241, "PAD53_1", 198.935, 246.2538, "T", "DIP", "GND", "GND", "C", 160, 160, 106, 106, 0],
		[242, "PAD53_1", 198.935, 246.2538, "B", "DIP", "GND", "GND", "C", 160, 160, 106, 106, 0],
		[243, "PAD54_2", 150, 3185, "T", "DIP", "GND", "GND", "C", 160, 160, 106, 106, 0],
		[244, "PAD54_2", 150, 3185, "B", "DIP", "GND", "GND", "C", 160, 160, 106, 106, 0]
	]
}
}